site_id,sequence,lat_dd,lon_dd,lat_ddm,lon_ddm,lat_dms,lon_dms,depth_listed_m,depth_gmrt_m,depth_50m_m,depth_flag,reserve_zone,leg_from_prev_km,cumulative_km,status
D01,1,0.70286,-91.21459,0°42.1716' N,91°12.8754' W,"0°42'10.30"" N","91°12'52.52"" W",1747,1740.0,1740.0,,Galapagos MR,,0.0,to do
D02,2,0.75121,-91.27365,0°45.0725' N,91°16.4190' W,"0°45'04.35"" N","91°16'25.14"" W",1163,1153.0,1153.0,,Galapagos MR,8.5,8.5,to do
D03,3,0.93263,-91.48684,0°55.9576' N,91°29.2104' W,"0°55'57.46"" N","91°29'12.62"" W",1706,1714.0,1692.0,,Galapagos MR,31.1,39.6,to do
D04,4,1.08558,-91.62705,1°05.1346' N,91°37.6230' W,"1°05'08.08"" N","91°37'37.38"" W",1470,1489.0,1477.0,,Galapagos MR,23.1,62.7,to do
D05,5,1.2981,-91.73566,1°17.8861' N,91°44.1396' W,"1°17'53.17"" N","91°44'08.38"" W",2020,2004.0,2013.0,,Galapagos MR,26.5,89.2,to do
D06,6,1.446,-91.9045,1°26.7598' N,91°54.2700' W,"1°26'45.59"" N","91°54'16.20"" W",1530,1486.0,1532.0,,Galapagos MR,25.0,114.2,to do
D07,7,1.50932,-92.00629,1°30.5591' N,92°00.3774' W,"1°30'33.55"" N","92°00'22.64"" W",1388,1430.0,1408.0,,Galapagos MR,13.3,127.5,to do
D08,8,1.72201,-92.06784,1°43.3205' N,92°04.0704' W,"1°43'19.23"" N","92°04'04.22"" W",1256,1250.0,1257.0,,Galapagos MR,24.6,152.1,to do
D09,9,1.79343,-92.1258,1°47.6056' N,92°07.5480' W,"1°47'36.34"" N","92°07'32.88"" W",1785,1777.0,1781.0,,Galapagos MR,10.2,162.3,to do
D10,10,1.94006,-92.1916,1°56.4037' N,92°11.4960' W,"1°56'24.22"" N","92°11'29.76"" W",2189,2171.0,2184.0,,Galapagos MR,17.9,180.2,to do
D11,11,2.01606,-92.15046,2°00.9638' N,92°09.0276' W,"2°00'57.83"" N","92°09'01.66"" W",1992,1990.0,,,Galapagos MR,9.6,189.8,to do
D12,12,2.04602,-92.24812,2°02.7614' N,92°14.8872' W,"2°02'45.69"" N","92°14'53.23"" W",2105,2094.0,,,Galapagos MR,11.4,201.2,to do
D13,13,2.12303,-92.29259,2°07.3821' N,92°17.5554' W,"2°07'22.93"" N","92°17'33.32"" W",1820,1822.0,,,Galapagos MR,9.9,211.1,to do
D14,14,2.10338,-92.17955,2°06.2028' N,92°10.7730' W,"2°06'12.17"" N","92°10'46.38"" W",1780,1787.0,,,Galapagos MR,12.7,223.8,to do
D15,15,2.1161,-92.06334,2°06.9658' N,92°03.8004' W,"2°06'57.95"" N","92°03'48.02"" W",1801,1811.0,,,Galapagos MR,13.0,236.8,to do
D16,16,2.093,-91.86122,2°05.5800' N,91°51.6732' W,"2°05'34.80"" N","91°51'40.39"" W",1719,1722.0,,,Galapagos MR,22.6,259.4,to do
D17,17,1.99412,-91.78047,1°59.6474' N,91°46.8282' W,"1°59'38.84"" N","91°46'49.69"" W",1878,1879.0,1885.0,,Galapagos MR,14.2,273.6,to do
D18,18,1.86731,-91.76932,1°52.0383' N,91°46.1592' W,"1°52'02.30"" N","91°46'09.55"" W",1863,1858.0,1865.0,,Galapagos MR,14.2,287.8,to do
D19,19,1.79134,-91.78798,1°47.4805' N,91°47.2788' W,"1°47'28.83"" N","91°47'16.73"" W",1999,2019.0,2009.0,,Galapagos MR,8.7,296.5,to do
D20,20,1.58311,-91.63388,1°34.9868' N,91°38.0328' W,"1°34'59.21"" N","91°38'01.97"" W",1922,1913.0,1934.0,,Galapagos MR,28.8,325.3,to do
D21,21,1.89588,-91.13062,1°53.7526' N,91°07.8372' W,"1°53'45.16"" N","91°07'50.23"" W",1798,1796.0,1809.0,,Hermandad: Zona No Take,65.9,391.1,to do
D22,22,1.9009,-91.2386,1°54.0540' N,91°14.3160' W,"1°54'03.24"" N","91°14'18.96"" W",1734,1720.0,1735.0,,Galapagos MR,12.0,403.1,to do
D23,23,1.86395,-91.29527,1°51.8373' N,91°17.7162' W,"1°51'50.24"" N","91°17'42.97"" W",1517,1508.0,1524.0,,Galapagos MR,7.5,410.7,to do
D24,24,1.76388,-91.3026,1°45.8330' N,91°18.1560' W,"1°45'49.98"" N","91°18'09.36"" W",1844,1844.0,1855.0,,Galapagos MR,11.2,421.8,to do
D25,25,1.59668,-91.24925,1°35.8010' N,91°14.9550' W,"1°35'48.06"" N","91°14'57.30"" W",1123,1131.0,1119.0,,Galapagos MR,19.5,441.3,to do
D26,26,1.38292,-91.1816,1°22.9753' N,91°10.8960' W,"1°22'58.52"" N","91°10'53.76"" W",1774,1769.0,1774.0,,Galapagos MR,24.9,466.3,to do
D27,27,1.29169,-91.17433,1°17.5014' N,91°10.4598' W,"1°17'30.08"" N","91°10'27.59"" W",1750,1764.0,1755.0,,Galapagos MR,10.2,476.4,to do
D28,28,1.12019,-91.05914,1°07.2117' N,91°03.5484' W,"1°07'12.70"" N","91°03'32.90"" W",1877,1902.0,1905.0,,Galapagos MR,23.0,499.4,to do
D29,29,1.0594,-91.01732,1°03.5641' N,91°01.0392' W,"1°03'33.85"" N","91°01'02.35"" W",1878,1863.0,1865.0,,Galapagos MR,8.2,507.6,to do
D30,30,0.9976,-90.99067,0°59.8561' N,90°59.4402' W,"0°59'51.37"" N","90°59'26.41"" W",2055,2061.0,2057.0,,Galapagos MR,7.5,515.1,to do
