sep29_site,sep29_lat,sep29_lon,nearest_permit_site,permit_lat,permit_lon,distance_km
D1,1.9448089,-92.12709,P10,1.94006,-92.1916,7.2
D2,1.8357043,-92.10636,P9,1.79343,-92.1258,5.2
D3,1.72412,-92.02478,P8,1.72201,-92.06784,4.8
D4,1.6621287,-91.95862,P8,1.72201,-92.06784,13.8
D5,1.4786346,-91.87929,P6,1.446,-91.9045,4.6
D6,1.3844079,-91.79779,P5,1.2981,-91.73566,11.8
D7,1.2505068,-91.63501,P5,1.2981,-91.73566,12.4
D8,1.0446958,-91.49982,P3,0.93263,-91.48684,12.5
D9,0.8859981,-91.40031,P3,0.93263,-91.48684,10.9
D10,0.5884401,-91.00874,P1,0.70286,-91.21459,26.2
D11,0.7173819,-91.1208,P1,0.70286,-91.21459,10.6
D12,0.8264865,-90.99959,P30,0.9976,-90.99067,19.1
D13,0.9628673,-91.1497,P30,0.9976,-90.99067,18.1
D14,1.1934748,-91.33062,P27,1.29169,-91.17433,20.5
D15,1.3100184,-91.3894,P27,1.29169,-91.17433,24.0
D16,1.4141637,-91.4608,P20,1.58311,-91.63388,26.9
D17,1.5133497,-91.53979,P20,1.58311,-91.63388,13.0
D18,1.7265996,-91.65473,P20,1.58311,-91.63388,16.1
D19,1.7985095,-91.67784,P19,1.79134,-91.78798,12.3
D20,1.7885909,-91.2165,P24,1.76388,-91.3026,10.0
D21,1.6894049,-91.21101,P25,1.59668,-91.24925,11.2
D22,1.5307073,-91.16473,P25,1.59668,-91.24925,11.9
D23,1.4067247,-91.1338,P26,1.38292,-91.1816,5.9
D24,1.3248963,-91.09544,P27,1.29169,-91.17433,9.5
D25,1.2306696,-91.07731,P28,1.12019,-91.05914,12.4
D26,1.0719719,-90.97273,P29,1.0594,-91.01732,5.2
D27,1.007501,-90.92937,P30,0.9976,-90.99067,6.9
D28,0.9405504,-90.89614,P30,0.9976,-90.99067,12.3
D29,1.468716,-90.70063,P26,1.38292,-91.1816,54.3
D30,1.6770066,-90.73952,P21,1.89588,-91.13062,49.8
