permit_site,lat,lon,depth_m,nearest_prev,nearest_prev_km,nearest_prev_class,nearest_glass_prev,nearest_glass_prev_km
D1,0.7028605,-91.21459,1747,MV1007 D09,13.6,no glass,PLUME02 PL02-26,16.4
D2,0.7512077,-91.27365,1163,MV1007 D09,5.2,no glass,PLUME02 PL02-26,8.9
D3,0.9326272,-91.48684,1706,SO158 DR65,8.8,glass,SO158 DR65,8.8
D4,1.0855768,-91.62705,1470,PLUME02 PL02-28,11.2,glass,PLUME02 PL02-28,11.2
D5,1.2981015,-91.73566,2020,MV1007 D11,6.3,no glass,MV1007 D12,8.7
D6,1.4459959,-91.9045,1530,MV1007 D13,11.3,glass,MV1007 D13,11.3
D7,1.5093189,-92.00629,1388,MV1007 D14,0.9,no glass,MV1007 D13,2.7
D8,1.7220076,-92.06784,1256,MV1007 D15,18.3,no glass,PLUME02 PL02-30,22.0
D9,1.793427,-92.1258,1785,PLUME02 PL02-29,12.4,glass,PLUME02 PL02-29,12.4
D10,1.9400623,-92.1916,2189,PLUME02 PL02-29,5.7,glass,PLUME02 PL02-29,5.7
D11,2.0160632,-92.15046,1992,MV1007 D16,3.5,no glass,SO158 DR58,8.3
D12,2.0460237,-92.24812,2105,TR164 TR164-11D,4.4,glass,TR164 TR164-11D,4.4
D13,2.1230348,-92.29259,1820,TR164 TR164-11D,6.9,glass,TR164 TR164-11D,6.9
D14,2.1033804,-92.17955,1780,TR164 TR164-11D,7.3,glass,TR164 TR164-11D,7.3
D15,2.1160965,-92.06334,1801,MV1007 D16,17.2,no glass,SO158 DR58,19.3
D16,2.0930008,-91.86122,1719,MV1007 D17,17.4,no glass,CTW CTW-10D,30.2
D17,1.9941229,-91.78047,1878,MV1007 D17,6.1,no glass,SO158 DR50,16.4
D18,1.8673051,-91.76932,1863,MV1007 D18,4.2,glass,MV1007 D18,4.2
D19,1.7913409,-91.78798,1999,MV1007 D18,6.9,glass,MV1007 D18,6.9
D20,1.5831141,-91.63388,1922,MV1007 D20,3.0,no glass,SO158 DR60,18.0
D21,1.8958765,-91.13062,1798,TR164 TR164-25D,7.9,glass,TR164 TR164-25D,7.9
D22,1.9009008,-91.2386,1734,SO158 DR47-A,4.8,glass,SO158 DR47-A,4.8
D23,1.8639546,-91.29527,1517,MV1007 D21,2.3,no glass,SO158 DR47-A,3.4
D24,1.7638841,-91.3026,1844,MV1007 D21,13.1,no glass,SO158 DR46-A,13.9
D25,1.5966837,-91.24925,1123,MV1007 D22,0.9,no glass,SO158 DR46-A,14.2
D26,1.382921,-91.1816,1774,MV1007 D23,0.9,no rock,SO158 DR41-A,17.3
D27,1.2916894,-91.17433,1750,SO158 DR41-A,8.3,glass,SO158 DR41-A,8.3
D28,1.1201942,-91.05914,1877,MV1007 D27,6.7,glass,MV1007 D27,6.7
D29,1.0594016,-91.01732,1878,MV1007 D27,1.5,glass,MV1007 D27,1.5
D30,0.9976015,-90.99067,2055,MV1007 D27,9.0,glass,MV1007 D27,9.0
