Type,Counter,Depth_m,Latitude,Longitude,Line_Name
MT_Site,1,-3029,0.436466528424187,-92.6206644296884,Lineament_Line_2
MT_Site,2,-2737,0.658011688708773,-92.3259789315411,Lineament_Line_2
MT_Site,3,-2693,0.751867732552982,-92.1922676270941,Lineament_Line_2
MT_Site,4,-2540,0.807065653936429,-92.1266153617338,Lineament_Line_2
MT_Site,5,-2402,0.85443030947212,-92.0557912462898,Lineament_Line_2
MT_Site,6,-2418,0.914245676932242,-91.9866926584132,Lineament_Line_2
MT_Site,7,-2351,0.969308683622118,-91.9213297234094,Lineament_Line_2
MT_Site,8,-2351,1.02017462086085,-91.8555098642933,Lineament_Line_2
MT_Site,9,-2285,1.07209396728021,-91.781361476527,Lineament_Line_2
MT_Site,10,-2124,1.1333845903127,-91.7000619289659,Lineament_Line_2
MT_Site,11,-2097,1.15904650568731,-91.6651631957219,Lineament_Line_2
MT_Site,12,-1848,1.19324605772948,-91.635408917412,Lineament_Line_2
MT_Site,13,-2119,1.21866447796778,-91.5964895640814,Lineament_Line_2
MT_Site,14,-2163,1.24480141134414,-91.561541134502,Lineament_Line_2
MT_Site,15,-2200,1.3039073424107,-91.4931090445323,Lineament_Line_2
MT_Site,16,-2155,1.35046841378715,-91.427105718863,Lineament_Line_2
MT_Site,17,-2099,1.4105730840576,-91.3544841190941,Lineament_Line_2
MT_Site,18,-2151,1.45712588559695,-91.288595084294,Lineament_Line_2
MT_Site,19,-2253,1.49052173293148,-91.2591164037806,Lineament_Line_2
MT_Site,20,-2107,1.51305517097406,-91.215496283927,Lineament_Line_2
MT_Site,21,-2096,1.54645333982893,-91.1860386307809,Lineament_Line_2
MT_Site,22,-2146,1.56845087838531,-91.1466061477853,Lineament_Line_2
MT_Site,23,-2134,1.67403061770169,-91.0166836976007,Lineament_Line_2
MT_Site,24,-2945,0.552589584985447,-92.4518720409413,Lineament_Line_2
MT_Site,25,-3088,0.262932244947599,-92.8464774768916,Lineament_Line_2
MT_Site,26,-3075,0.107070092280613,-93.0570513661739,Lineament_Line_2
MT_Site,27,-3269,-0.04400979703086,-93.2490272106906,Lineament_Line_2
MT_Site,28,-3119,-0.211274648301583,-93.4640986536834,Lineament_Line_2
MT_Site,29,-3298,-0.392522032009405,-93.693045047142,Lineament_Line_2
MT_Site,30,-3400,-0.561663337516731,-93.91082565215,Lineament_Line_2
MT_Site,31,-2331,1.24243016943909,-92.3304078053005,Lineament_Line_1
MT_Site,32,-2415,1.2857478360551,-92.2543095329835,Lineament_Line_1
MT_Site,33,-2482,1.33205315728796,-92.1810026944436,Lineament_Line_1
MT_Site,34,-2432,1.38155305914027,-92.1076230501405,Lineament_Line_1
MT_Site,35,-2469,1.4254881946488,-92.0332080929245,Lineament_Line_1
MT_Site,36,-2434,1.46375199005482,-91.9578188840116,Lineament_Line_1
MT_Site,37,-2013,1.49061435434043,-91.9179164840838,Lineament_Line_1
MT_Site,38,-2319,1.51418589372298,-91.8832544140735,Lineament_Line_1
MT_Site,39,-2370,1.54966725089796,-91.8524597177252,Lineament_Line_1
MT_Site,40,-2310,1.56800046569944,-91.8085153903335,Lineament_Line_1
MT_Site,41,-2266,1.61574612649374,-91.7384522152426,Lineament_Line_1
MT_Site,42,-2161,1.68146117274172,-91.6378127533973,Lineament_Line_1
MT_Site,43,-2358,1.74713550416545,-91.5449405809364,Lineament_Line_1
MT_Site,44,-2236,1.81211482364443,-91.4280388601839,Lineament_Line_1
MT_Site,45,-3070,0.428669047787724,-91.3915762811908,Lineament_Line_3
MT_Site,46,-2923,0.50035937327246,-91.3329457782397,Lineament_Line_3
MT_Site,47,-2671,0.56207683132517,-91.2757674943505,Lineament_Line_3
MT_Site,48,-2296,0.629787488490276,-91.2157464387173,Lineament_Line_3
MT_Site,49,-1854,0.692604873753031,-91.1575664030801,Lineament_Line_3
MT_Site,50,-2127,0.761364650421432,-91.099123833446,Lineament_Line_3
MT_Site,51,-2085,0.827849005488621,-91.0427178407051,Lineament_Line_3
MT_Site,52,-2051,0.894763615345956,-90.9884906359154,Lineament_Line_3
MT_Site,53,-1965,0.95719052613995,-90.9281082797715,Lineament_Line_3
MT_Site,54,-1871,1.03288168483246,-90.8840541083638,Lineament_Line_3
MT_Site,55,-2449,1.77527211095975,-92.5847079360527,Ridge_Line_1
MT_Site,56,-2478,1.87284652556376,-92.5599996194727,Ridge_Line_1
MT_Site,57,-2553,1.94667109821737,-92.5385584092159,Ridge_Line_1
MT_Site,58,-2259,1.99217615231252,-92.5235660916721,Ridge_Line_1
MT_Site,59,-2272,2.03731006748139,-92.5123543980914,Ridge_Line_1
MT_Site,60,-2213,2.07519132891596,-92.4958803969706,Ridge_Line_1
MT_Site,61,-2120,2.11658438707748,-92.4839061338242,Ridge_Line_1
MT_Site,62,-1878,2.15463754599972,-92.4674290385564,Ridge_Line_1
MT_Site,63,-2072,2.20362186711107,-92.4607017218326,Ridge_Line_1
MT_Site,64,-2269,2.24531309245399,-92.4487164119056,Ridge_Line_1
MT_Site,65,-2377,2.29150717601767,-92.4336008675592,Ridge_Line_1
MT_Site,66,-2501,2.37098723854899,-92.4127261528844,Ridge_Line_1
MT_Site,67,-2401,1.82894213948696,-91.9665872831088,Ridge_Line_2
MT_Site,68,-2382,1.86867861821404,-91.9617397991268,Ridge_Line_2
MT_Site,69,-2411,1.91955535266181,-91.9625569374623,Ridge_Line_2
MT_Site,70,-2246,1.96288241101912,-91.9621207526747,Ridge_Line_2
MT_Site,71,-2332,2.00679271272368,-91.9579347545529,Ridge_Line_2
MT_Site,72,-2224,2.05373558620443,-91.9619194890265,Ridge_Line_2
MT_Site,73,-1828,2.0934781985118,-91.9608349717979,Ridge_Line_2
MT_Site,74,-1885,2.13772262351336,-91.9566678101548,Ridge_Line_2
MT_Site,75,-2189,2.18550545513943,-91.9569217577292,Ridge_Line_2
MT_Site,76,-2200,2.23387861342426,-91.9533914578516,Ridge_Line_2
MT_Site,77,-2312,2.26965126442605,-91.9554730532695,Ridge_Line_2
MT_Site,78,-2394,2.36215989056796,-91.95540002495,Ridge_Line_2
MT_Site,79,-2257,1.61499862825181,-91.0956568301027,Transform_Line
MT_Site,80,-2195,1.61285326588072,-91.0441984993533,Transform_Line
MT_Site,81,-2163,1.61097655759783,-90.9898974685046,Transform_Line
MT_Site,82,-2211,1.61494313554201,-90.9386504506979,Transform_Line
MT_Site,83,-2001,1.61218205249516,-90.8957506064042,Transform_Line
MT_Site,84,-3495,1.61213783939604,-90.8186551022285,Transform_Line
MT_Site,85,-1996,1.6105470771555,-90.7615053855971,Transform_Line
MT_Site,86,-1817,1.61042199680409,-90.7243783744952,Transform_Line
MT_Site,87,-1897,1.61355189265065,-90.6844414374427,Transform_Line
MT_Site,88,-1591,1.61416390598642,-90.6387028858755,Transform_Line
MT_Site,89,-1717,1.61126902656868,-90.5986558741143,Transform_Line
MT_Site,90,-1939,1.61511874557657,-90.5500815041381,Transform_Line
MT_Site,91,-1451,0.91999,-91.455158,Lineament_Node
MT_Site,92,-2095,1.16165,-91.663957,Lineament_Node
MT_Site,93,-2034,1.293455,-91.776598,Lineament_Node
MT_Site,94,-2032,1.493896,-91.933198,Lineament_Node
MT_Site,95,-1645,1.776679,-92.111775,Lineament_Node
MT_Site,96,-2000,1.930407,-92.174965,Lineament_Node
MT_Site,97,-1923,2.023735,-92.133754,Lineament_Node
MT_Site,98,-1879,2.133526,-92.098039,Lineament_Node
MT_Site,99,-1865,2.093765,-92.11339,Lineament_Node
MT_Site,100,-2088,1.983971,-92.155974,Lineament_Node
Dredge_Site,1,-1747,0.702860524640022,-91.2145859884112,Dredge
Dredge_Site,2,-1163,0.751207685593555,-91.2736512017469,Dredge
Dredge_Site,3,-1706,0.932627189492307,-91.4868384129051,Dredge
Dredge_Site,4,-1470,1.08557680281201,-91.6270452335794,Dredge
Dredge_Site,5,-2020,1.29810152097485,-91.735661603665,Dredge
Dredge_Site,6,-1530,1.44599588255447,-91.9045008845498,Dredge
Dredge_Site,7,-1388,1.50931890000629,-92.0062946028848,Dredge
Dredge_Site,8,-1256,1.72200764178682,-92.06784440813,Dredge
Dredge_Site,9,-1785,1.79342697126162,-92.1257955771612,Dredge
Dredge_Site,10,-2189,1.94006231117208,-92.1916039262613,Dredge
Dredge_Site,11,-1992,2.01606324326256,-92.1504611444694,Dredge
Dredge_Site,12,-2105,2.04602372555424,-92.2481184502331,Dredge
Dredge_Site,13,-1820,2.12303477086815,-92.2925912811088,Dredge
Dredge_Site,14,-1780,2.10338039508203,-92.1795508753426,Dredge
Dredge_Site,15,-1801,2.11609653073778,-92.0633377714577,Dredge
Dredge_Site,16,-1719,2.093000835945,-91.8612153511876,Dredge
Dredge_Site,17,-1878,1.99412287695727,-91.7804734666752,Dredge
Dredge_Site,18,-1863,1.86730507000477,-91.7693171090743,Dredge
Dredge_Site,19,-1999,1.79134089785189,-91.7879802318787,Dredge
Dredge_Site,20,-1922,1.58311409789539,-91.6338824312818,Dredge
Dredge_Site,21,-1798,1.89587652601386,-91.1306235083742,Dredge
Dredge_Site,22,-1734,1.90090082285439,-91.2386044750944,Dredge
Dredge_Site,23,-1517,1.86395458227722,-91.2952726120318,Dredge
Dredge_Site,24,-1844,1.76388414071823,-91.3025956023348,Dredge
Dredge_Site,25,-1123,1.59668365085428,-91.2492549583805,Dredge
Dredge_Site,26,-1774,1.38292099176043,-91.1816006631333,Dredge
Dredge_Site,27,-1750,1.29168944393155,-91.1743316400245,Dredge
Dredge_Site,28,-1877,1.12019415871808,-91.0591357470353,Dredge
Dredge_Site,29,-1878,1.05940159598809,-91.0173212776099,Dredge
Dredge_Site,30,-2055,0.997601496956063,-90.9906676284996,Dredge
