site,latitude,longitude,depth,status
1,1.9448089,-92.12709,2157,to do
2,1.8357043,-92.10636,1976,to do
3,1.72412,-92.02478,1280,to do
4,1.6621287,-91.95862,1243,to do
5,1.4786346,-91.87929,1779,to do
6,1.3844079,-91.79779,234,to do
7,1.2505068,-91.63501,1852,to do
8,1.0446958,-91.49982,1859,to do
9,0.8859981,-91.40031,1244,to do
10,0.5884401,-91.00874,2206,to do
11,0.7173819,-91.1208,2135,to do
12,0.8264865,-90.99959,2101,to do
13,0.9628673,-91.1497,2123,to do
14,1.1934748,-91.33062,2029,to do
15,1.3100184,-91.3894,2152,to do
16,1.4141637,-91.4608,2122,to do
17,1.5133497,-91.53979,2151,to do
18,1.7265996,-91.65473,2131,to do
19,1.7985095,-91.67784,2306,to do
20,1.7885909,-91.2165,2216,to do
21,1.6894049,-91.21101,1874,to do
22,1.5307073,-91.16473,2278,to do
23,1.4067247,-91.1338,2183,to do
24,1.3248963,-91.09544,1986,to do
25,1.2306696,-91.07731,1637,to do
26,1.0719719,-90.97273,2022,to do
27,1.007501,-90.92937,1960,to do
28,0.9405504,-90.89614,1899,to do
29,1.468716,-90.70063,1696,to do
30,1.6770066,-90.73952,1769,to do
