site,latitude,longitude,depth,status
1,0.42867,-91.39158,3070,to do
2,0.50036,-91.33295,2923,to do
3,0.56208,-91.27577,2671,to do
4,0.62979,-91.21575,2296,to do
5,0.6926,-91.15757,1854,to do
6,0.76136,-91.09912,2127,to do
7,0.82785,-91.04272,2085,to do
8,0.89476,-90.98849,2051,to do
9,0.95719,-90.92811,1965,to do
10,1.03288,-90.88405,1871,to do
11,1.61512,-90.55008,1939,to do
12,1.61127,-90.59866,1717,to do
13,1.61416,-90.6387,1591,to do
14,1.61355,-90.68444,1897,to do
15,1.61042,-90.72438,1817,to do
16,1.61055,-90.76151,1996,to do
17,1.61214,-90.81866,3495,to do
18,1.61218,-90.89575,2001,to do
19,1.61494,-90.93865,2211,to do
20,1.61098,-90.9899,2163,to do
21,1.61285,-91.0442,2195,to do
22,1.615,-91.09566,2257,to do
23,1.56845,-91.14661,2146,to do
24,1.54645,-91.18604,2096,to do
25,1.51306,-91.2155,2107,to do
26,1.49052,-91.25912,2253,to do
27,1.45713,-91.2886,2151,to do
28,1.41057,-91.35448,2099,to do
29,1.35047,-91.42711,2155,to do
30,1.30391,-91.49311,2200,to do
31,1.2448,-91.56154,2163,to do
32,1.21866,-91.59649,2119,to do
33,1.19325,-91.63541,1848,to do
34,1.15905,-91.66516,2097,to do
35,1.13338,-91.70006,2124,to do
36,1.07209,-91.78136,2285,to do
37,1.02017,-91.85551,2351,to do
38,0.96931,-91.92133,2351,to do
39,0.91425,-91.98669,2418,to do
40,0.85443,-92.05579,2402,to do
41,0.80707,-92.12662,2540,to do
42,0.75187,-92.19227,2693,to do
43,0.65801,-92.32598,2737,to do
44,0.55259,-92.45187,2945,to do
45,0.43647,-92.62066,3029,to do
46,0.96085,-92.73161,2770,to do
47,1.05472,-92.59788,2712,to do
48,1.14858,-92.46415,2547,to do
49,1.24243,-92.33041,2331,to do
50,1.28575,-92.25431,2415,to do
51,1.33205,-92.181,2482,to do
52,1.38155,-92.10762,2432,to do
53,1.42549,-92.03321,2469,to do
54,1.46375,-91.95782,2434,to do
55,1.49061,-91.91792,2013,to do
56,1.51419,-91.88325,2319,to do
57,1.54967,-91.85246,2370,to do
58,1.568,-91.80852,2310,to do
59,1.61575,-91.73845,2266,to do
60,1.68146,-91.63781,2161,to do
61,1.74714,-91.54494,2358,to do
62,1.81211,-91.42804,2236,to do
63,1.82894,-91.96659,2401,to do
64,1.86868,-91.96174,2382,to do
65,1.91956,-91.96256,2411,to do
66,1.96288,-91.96212,2246,to do
67,2.00679,-91.95793,2332,to do
68,2.05374,-91.96192,2224,to do
69,2.09348,-91.96083,1828,to do
70,2.13772,-91.95667,1885,to do
71,2.18551,-91.95692,2189,to do
72,2.23388,-91.95339,2200,to do
73,2.26965,-91.95547,2312,to do
74,2.36216,-91.9554,2394,to do
75,2.37099,-92.41273,2501,to do
76,2.24531,-92.44872,2269,to do
77,2.29151,-92.4336,2377,to do
78,2.20362,-92.4607,2072,to do
79,2.15464,-92.46743,1878,to do
80,2.11658,-92.48391,2120,to do
81,2.03731,-92.51235,2272,to do
82,1.94667,-92.53856,2553,to do
83,1.87285,-92.56,2478,to do
84,1.77527,-92.58471,2449,to do
85,1.77668,-92.11177,1645,to do
86,1.93041,-92.17497,2000,to do
87,1.98397,-92.15597,2088,to do
88,2.02373,-92.13375,1923,to do
89,2.09376,-92.11339,1865,to do
90,2.13353,-92.09804,1879,to do
